{
  "Recall@10": 0.46869896570495373,
  "NDCG@10": 0.2846689438175165,
  "Precision@10": 0.046869896570495374,
  "Recall@20": 0.638562874251497,
  "NDCG@20": 0.3274341443603485,
  "Precision@20": 0.03192814371257485
}