{
  "Recall@10": 0.5753501886465154,
  "NDCG@10": 0.3982917103731786,
  "Precision@10": 0.057535018864651545,
  "Recall@20": 0.6898391083741706,
  "NDCG@20": 0.42722779257678933,
  "Precision@20": 0.03449195541870853
}