{
  "Recall@10": 0.18873324949043757,
  "NDCG@10": 0.14026292773912072,
  "Precision@10": 0.018873324949043757,
  "Recall@20": 0.2787198057157726,
  "NDCG@20": 0.16274086201275997,
  "Precision@20": 0.01393599028578863
}