{
  "Recall@10": 0.45073489384866633,
  "NDCG@10": 0.2648918521122292,
  "Precision@10": 0.04507348938486663,
  "Recall@20": 0.6245182362547632,
  "NDCG@20": 0.30867164844132056,
  "Precision@20": 0.03122591181273816
}