{
  "Recall@10": 0.6521531722971508,
  "NDCG@10": 0.41429921322002244,
  "Precision@10": 0.06521531722971508,
  "Recall@20": 0.7942235135955592,
  "NDCG@20": 0.4503623192197544,
  "Precision@20": 0.03971117567977796
}