{
  "Recall@10": 0.3466739248775177,
  "NDCG@10": 0.3079539244494106,
  "Precision@10": 0.03466739248775177,
  "Recall@20": 0.41974959172563964,
  "NDCG@20": 0.3261863706121805,
  "Precision@20": 0.02098747958628198
}