{
  "Recall@10": 0.6930482674877488,
  "NDCG@10": 0.4538979528194441,
  "Precision@10": 0.06930482674877489,
  "Recall@20": 0.8251008283099874,
  "NDCG@20": 0.48739695022567914,
  "Precision@20": 0.04125504141549937
}