{
  "Recall@10": 0.43673380511703863,
  "NDCG@10": 0.27299562578226316,
  "Precision@10": 0.043673380511703865,
  "Recall@20": 0.5881763745236799,
  "NDCG@20": 0.31108862410287014,
  "Precision@20": 0.029408818726183995
}