{
  "Recall@10": 0.6866733162756408,
  "NDCG@10": 0.45853630141377477,
  "Precision@10": 0.06866733162756408,
  "Recall@20": 0.8100091070731602,
  "NDCG@20": 0.4898227384634144,
  "Precision@20": 0.04050045535365801
}