{
  "Recall@10": 0.343603701687534,
  "NDCG@10": 0.22041515759638491,
  "Precision@10": 0.0343603701687534,
  "Recall@20": 0.4652367991290147,
  "NDCG@20": 0.25099896617198064,
  "Precision@20": 0.023261839956450737
}